{"cameraMode":{"drawMode":0,"name":"Shaded","section":"Shading Mode"},"sceneLighting":true,"audioPlay":false,"sceneViewState":{"m_AlwaysRefresh":false,"showFog":true,"showSkybox":true,"showFlares":true,"showImageEffects":true,"showParticleSystems":true,"showVisualEffectGraphs":true,"m_FxEnabled":true},"in2DMode":false,"pivot":{"x":-0.23755702376365663,"y":0.9389352798461914,"z":5.016550064086914},"rotation":{"x":0.058240871876478198,"y":-0.03130745887756348,"z":0.0021712202578783037,"w":0.9979130625724793},"size":4.550717353820801,"orthographic":false}