{"cameraMode":{"drawMode":0,"name":"Shaded","section":"Shading Mode"},"sceneLighting":true,"audioPlay":false,"sceneViewState":{"m_AlwaysRefresh":false,"showFog":true,"showSkybox":true,"showFlares":true,"showImageEffects":true,"showParticleSystems":true,"showVisualEffectGraphs":true,"m_FxEnabled":true},"in2DMode":false,"pivot":{"x":23.492305755615236,"y":-19.019298553466798,"z":-56.013526916503909},"rotation":{"x":0.038439419120550159,"y":0.9594340324401856,"z":-0.16212446987628938,"w":0.2274762988090515},"size":35.16814041137695,"orthographic":false}