{"cameraMode":{"drawMode":0,"name":"Shaded","section":"Shading Mode"},"sceneLighting":true,"audioPlay":false,"sceneViewState":{"m_AlwaysRefresh":false,"showFog":true,"showSkybox":true,"showFlares":true,"showImageEffects":true,"showParticleSystems":true,"showVisualEffectGraphs":true,"m_FxEnabled":true},"in2DMode":false,"pivot":{"x":63.49553680419922,"y":-27.76854133605957,"z":80.97734832763672},"rotation":{"x":0.47186511754989626,"y":0.03729896619915962,"z":-0.019547387957572938,"w":0.8807840943336487},"size":21.856454849243165,"orthographic":false}