{"cameraMode":{"drawMode":0,"name":"Shaded","section":"Shading Mode"},"sceneLighting":false,"audioPlay":false,"sceneViewState":{"m_AlwaysRefresh":false,"showFog":false,"showSkybox":false,"showFlares":true,"showImageEffects":true,"showParticleSystems":true,"showVisualEffectGraphs":true,"m_FxEnabled":true},"in2DMode":false,"pivot":{"x":0.2479705810546875,"y":2.423736333847046,"z":0.2720925807952881},"rotation":{"x":-0.11156035214662552,"y":-0.38455653190612795,"z":-0.046605199575424197,"w":0.9152287244796753},"size":3.1222522258758547,"orthographic":false}