{"cameraMode":{"drawMode":0,"name":"Shaded","section":"Shading Mode"},"sceneLighting":true,"audioPlay":false,"sceneViewState":{"m_AlwaysRefresh":false,"showFog":true,"showSkybox":true,"showFlares":true,"showImageEffects":true,"showParticleSystems":true,"showVisualEffectGraphs":true,"m_FxEnabled":true},"in2DMode":false,"pivot":{"x":-23.23896598815918,"y":-10.820036888122559,"z":48.08912658691406},"rotation":{"x":0.12134822458028794,"y":-0.22137513756752015,"z":0.027774283662438394,"w":0.9672123193740845},"size":29.857280731201173,"orthographic":false}