{"cameraMode":{"drawMode":0,"name":"Shaded","section":"Shading Mode"},"sceneLighting":false,"audioPlay":false,"sceneViewState":{"m_AlwaysRefresh":false,"showFog":false,"showSkybox":false,"showFlares":true,"showImageEffects":true,"showParticleSystems":true,"showVisualEffectGraphs":true,"m_FxEnabled":true},"in2DMode":false,"pivot":{"x":0.037204742431640628,"y":10.232248306274414,"z":-0.3363943099975586},"rotation":{"x":0.04005245119333267,"y":-0.9261936545372009,"z":0.1036159098148346,"w":0.36052513122558596},"size":17.339624404907228,"orthographic":false}