{"cameraMode":{"drawMode":0,"name":"Shaded","section":"Shading Mode"},"sceneLighting":true,"audioPlay":false,"sceneViewState":{"m_AlwaysRefresh":false,"showFog":false,"showSkybox":true,"showFlares":true,"showImageEffects":true,"showParticleSystems":true,"showVisualEffectGraphs":true,"m_FxEnabled":true},"in2DMode":false,"pivot":{"x":132.5015411376953,"y":93.75753784179688,"z":516.6306762695313},"rotation":{"x":0.10140383243560791,"y":0.047075431793928149,"z":0.004829585552215576,"w":-0.993760347366333},"size":154.4314422607422,"orthographic":false}