{"cameraMode":{"drawMode":0,"name":"Shaded","section":"Shading Mode"},"sceneLighting":true,"audioPlay":false,"sceneViewState":{"m_AlwaysRefresh":false,"showFog":true,"showSkybox":true,"showFlares":true,"showImageEffects":true,"showParticleSystems":true,"showVisualEffectGraphs":true,"m_FxEnabled":true},"in2DMode":false,"pivot":{"x":-2.349472999572754,"y":0.8947495222091675,"z":-0.6816434860229492},"rotation":{"x":-0.020471403375267984,"y":-0.9714569449424744,"z":0.21806272864341737,"w":-0.09117233753204346},"size":2.572341203689575,"orthographic":false}