{"cameraMode":{"drawMode":0,"name":"Shaded","section":"Shading Mode"},"sceneLighting":true,"audioPlay":false,"sceneViewState":{"m_AlwaysRefresh":false,"showFog":true,"showSkybox":true,"showFlares":true,"showImageEffects":true,"showParticleSystems":true,"showVisualEffectGraphs":true,"m_FxEnabled":true},"in2DMode":false,"pivot":{"x":-8.593181610107422,"y":15.95889949798584,"z":0.7486457824707031},"rotation":{"x":-0.29387515783309939,"y":0.05614202842116356,"z":-0.017304610460996629,"w":-0.9540402293205261},"size":12.461819648742676,"orthographic":false}