{"cameraMode":{"drawMode":0,"name":"Shaded","section":"Shading Mode"},"sceneLighting":true,"audioPlay":false,"sceneViewState":{"m_AlwaysRefresh":false,"showFog":true,"showSkybox":true,"showFlares":true,"showImageEffects":true,"showParticleSystems":true,"showVisualEffectGraphs":true,"m_FxEnabled":true},"in2DMode":false,"pivot":{"x":-4.915763854980469,"y":3.862459421157837,"z":3.5884947776794435},"rotation":{"x":0.04580771550536156,"y":0.2767936885356903,"z":0.013201061636209488,"w":-0.9597514271736145},"size":2.366025447845459,"orthographic":false}