{"cameraMode":{"drawMode":0,"name":"Shaded","section":"Shading Mode"},"sceneLighting":true,"audioPlay":false,"sceneViewState":{"m_AlwaysRefresh":false,"showFog":true,"showSkybox":true,"showFlares":true,"showImageEffects":true,"showParticleSystems":true,"showVisualEffectGraphs":true,"m_FxEnabled":true},"in2DMode":false,"pivot":{"x":-32.751861572265628,"y":12.143545150756836,"z":-12.839054107666016},"rotation":{"x":0.0566009022295475,"y":-0.6880233287811279,"z":0.05400123447179794,"w":0.7214480638504028},"size":17.372804641723634,"orthographic":false}